Produkt,abc,xyz
"Ведьмак 3: Дикая Охота - Дополнение ""Каменные Сердца"" (код загрузки, без диска) [PC, русская версия]",A,X
"Guitar Hero Live (Гитара + игра) [PS4, английская версия]",A,X
Radmin 3  - 522 лиц.,A,X
Dr.Web Security Space КЗ 1 ПК/1 год (картонная упаковка),A,Y
PSP E1008: адаптер ARTPLAYS 100-240V,A,Y
1С:Бухгалтерия 8 (ред.3.0) как на ладони. Изд 5. Гартвич А.,A,Y
3D GARDEN (Наш Сад 10) (box),A,Z
"Assassin's Creed: Единство. Guillotine Edition [PS4, русская версия]",A,Z
"FIFA 13 [PS Vita, русская документация]",A,Z
РАЗЛОМ САН-АНДРЕАС + коллекционная открытка,B,X
"Pro Evolution Soccer 2016 [PS4, русские субтитры]",B,X
Sony PlayStation 4 (500 Gb) White (CUH-1208A/B01),B,X
СБ. Хиты 80-х в новых версиях,B,Y
ДЕТЯМ  Лучшие песни из мультиков  1,B,Y
СБ. 25 лучших русских романсов  2CD,B,Y
1С:Бухгалтерия 8 (ред.3.0) как на ладони. Изд 4. Гартвич А.,B,Z
"BEATLES, THE One (фирм.)",B,Z
CHARLES RAY  The Great Ray Charles  LP,B,Z
"1С:Аудиокниги. Английские сказки, часть 1 [PC, Цифровая версия]",C,X
1С:Аудиотеатр. Чехов А.П. Дуэль [Цифровая версия],C,X
50 CENT  Curtis (фирм.),C,X
1С:Управление небольшой фирмой 8. Самоучитель. Издание 2 [Цифровая версия],C,Y
ATB  Distant Earth  Remixed  2CD,C,Y
ГРИБЫ 3D,C,Y
127 ЧАСОВ (BD+DVD),C,Z
1С:Аудиотеатр. Сказки Кота-Мурлыки (Jewel),C,Z
"Borderlands 2. Набор «Спецназовец - свирепый охотник» [PC, Цифровая версия]",C,Z
